festival,location,date,artist
JAZZ SUR LA PLAGE,Hermance,2015-Aout-15,REMI PANOSSIAN TRIO
JAZZ SUR LA PLAGE,Hermance,2015-Aout-15,MELISMETIQ
JAZZ SUR LA PLAGE,Hermance,2015-Aout-15,KUMPANIA ALGAZARRA
JAZZ SUR LA PLAGE,Hermance,2014-Aout-16,ELINA DUNI
JAZZ SUR LA PLAGE,Hermance,2013-Aout-17,TRI BAL REUNION
JAZZ SUR LA PLAGE,Hermance,2013-Aout-17,BOPSTER
JAZZ SUR LA PLAGE,Hermance,2013-Aout-17,HOLUNDERBLUETEN
JAZZ SUR LA PLAGE,Hermance,2013-Aout-17,LES MANCHOTS
JAZZ SUR LA PLAGE,Hermance,2012-Aout-18,V.S.O.P.
JAZZ SUR LA PLAGE,Hermance,2012-Aout-18,SWING DE FOU
JAZZ SUR LA PLAGE,Hermance,2012-Aout-18,OCHUMARE
JAZZ SUR LA PLAGE,Hermance,2012-Aout-18,VINCENT RUIZ
JAZZ SUR LA PLAGE,Hermance,2012-Aout-18,LES DESACCORDES
JAZZ SUR LA PLAGE,Hermance,2012-Aout-18,BECHET MEMORIES
JAZZ SUR LA PLAGE,Hermance,2012-Aout-18,LEBOCAL
JAZZ SUR LA PLAGE,Hermance,2012-Aout-18,MATTHIEU LLODRA
JAZZ SUR LA PLAGE,Hermance,2012-Aout-18,L'IRONIE DU SON
JAZZ SUR LA PLAGE,Hermance,2012-Aout-18,SAMARABALOUF
JAZZ SUR LA PLAGE,Hermance,2012-Aout-18,MELISMETIQ
JAZZ SUR LA PLAGE,Hermance,2011-Aout-20,COLIN VALLON
JAZZ SUR LA PLAGE,Hermance,2010-Aout-14,SWISS YERBA BUENA CREOLE RICE JAZZ BAND
JAZZ SUR LA PLAGE,Hermance,2009-Aout-15,MARC ANDRE LEGER
JAZZ SUR LA PLAGE,Hermance,2008-Aout-16,LES LEGROUP
JAZZ SUR LA PLAGE,Hermance,2007-Aout-18,MAMA AND THE KIDS
JAZZ SUR LA PLAGE,Hermance,2006-Aout-19,JAM CROON ON
